customer_id,first_name,last_name,gender,marital_status,country,signup_date
10001,  ,Jones,F,Single,India,2017-01-01
10002,Eve,Williams,M,Married,France,2017-01-02
10003,Bob,Brown,M,Single,India,2017-01-03
10004,Bob,Smith,M,Single,france,2017-01-04
10005,Charlie,Brown,F,Married,USA,2017-01-05
10006,Bob,Williams,F,Single,usa,2017-01-06
10007,Bob,Williams,M,Married,France,2017-01-07
10008,Charlie,Brown,M,Married,India,2017-01-08
10009,Frank,Jones,F,Married,Germany,2017-01-09
10010,Alice,Johnson,Other,Single,usa,2017-01-10
10011,Eve,Johnson,F,Married,UK,2017-01-11
10012,Charlie,Smith,F,Married,Germany,2017-01-12
10013,BOB,Brown,M,Single,India,2017-01-13
10014,Alice,Jones,M,Single,Canada,2017-01-14
10015,Charlie,Jones,F,Married,Canada,2017-01-15
10016,Eve,Smith,M,Married,UK,2017-01-16
10017,Eve,Brown,F,Married,UK,2017-01-17
10018,BOB,Johnson,M,Married,USA,2017-01-18
10019,David,Williams,F,Married,USA,2017-01-19
10020,Charlie,Brown,F,Married,,2017-01-20
10021,Charlie,Johnson,M,Married,France,2017-01-21
10022,Bob,Brown,M,Divorced,France,2017-01-22
10023,Charlie,Brown,,Single,Germany,2017-01-23
10024,Bob,Smith,M,Married,germany,2017-01-24
10025,  ,Smith,,Married,UK,2017-01-25
10026,Alice,Smith,M,Single,France,2017-01-26
10027,N/A,Johnson,M,Married,France,2017-01-27
10028,Frank,Brown,,Married,France,2017-01-28
10029,bob,Williams,M,Divorced,Canada,2017-01-29
10030,Charlie,Smith,F,Single,Germany,2017-01-30
10031,Bob,Brown,F,Single,India,2017-01-31
10032,David,Brown,F,Single,USA,2017-02-01
10033,Eve,Williams,F,Married,France,2017-02-02
10034,Bob,Brown,M,Married,India,2017-02-03
10035,Eve,Smith,F,Married,France,2017-02-04
10036,David,Williams,Other,Married,USA,2017-02-05
10037,Bob,Smith,F,Married,Germany,2017-02-06
10038,Alice,Brown,M,Married,India,2017-02-07
10039,Eve,Smith,M,Married,france,2017-02-08
10040,Frank,Johnson,M,Married,Canada,2017-02-09
10041,Alice,Jones,F,Single,Germany,2017-02-10
10042,Eve,Smith,F,Married,India,2017-02-11
10043,Frank,Brown,F,Married,UK,2017-02-12
10044,Eve,Johnson,M,Single,France,2017-02-13
10045,Alice,Brown,F,Divorced,usa,2017-02-14
10046,Eve,Jones,F,Single,Germany,2017-02-15
10047,Frank,Brown,M,Married,Germany,2017-02-16
10048,Bob,Johnson,M,Married,USA,2017-02-17
10049,Eve,Jones,,Married,,2017-02-18
10050,Frank,Brown,M,Married,France,2017-02-19
10051,Frank,Johnson,M,Married,,2017-02-20
10052,Bob,Brown,F,Single,india,2017-02-21
10053,Charlie,Smith,F,Single,USA,2017-02-22
10054,Alice,Johnson,,Married,Germany,2017-02-23
10055,Charlie,Brown,M,Single,UK,2017-02-24
10056,Frank,Johnson,F,Married,India,2017-02-25
10057,N/A,Jones,F,Single,UK,2017-02-26
10058,David,Smith,M,Divorced,UK,2017-02-27
10059,Eve,Johnson,F,Single,Germany,2017-02-28
10060,Alice,Brown,F,Married,Canada,2017-03-01
10061,Frank,Smith,F,Married,India,2017-03-02
10062,FRANK,Brown,M,Married,USA,2017-03-03
10063,David,Williams,F,Divorced,Germany,2017-03-04
10064,Charlie,Brown,M,Single,Germany,2017-03-05
10065,Frank,Jones,M,Divorced,germany,2017-03-06
10066,Eve,Johnson,F,Married,Germany,2017-03-07
10067,Frank,Brown,F,Divorced,UK,2017-03-08
10068,Bob,Jones,Other,Married,Germany,2017-03-09
10069,Alice,Brown,M,Married,UK,2017-03-10
10070,Charlie,Smith,F,Single,UK,2017-03-11
10071,Charlie,Williams,M,Married,Canada,2017-03-12
10072,Alice,Williams,M,Single,UK,2017-03-13
10073,Eve,Williams,M,Divorced,UK,2017-03-14
10074,Alice,Brown,M,Married,Germany,2017-03-15
10075,Frank,Brown,F,Single,France,2017-03-16
10076,Bob,Williams,F,Divorced,Germany,2017-03-17
10077,David,Brown,M,Married,USA,2017-03-18
10078,Frank,Brown,F,Married,USA,2017-03-19
10079,Charlie,Johnson,M,Married,USA,2017-03-20
10080,Eve,Williams,M,Single,UK,2017-03-21
10081,Eve,Johnson,F,Married,India,2017-03-22
10082,Bob,Williams,F,Married,UK,2017-03-23
10083,Eve,Jones,,Married,India,2017-03-24
10084,Charlie,Jones,M,Single,India,2017-03-25
10085,Eve,Williams,F,Single,UK,2017-03-26
10086,Bob,Jones,F,Married,canada,2017-03-27
10087,Frank,Johnson,M,Single,Canada,2017-03-28
10088,Frank,Smith,,Married,usa,2017-03-29
10089,,Smith,F,Single,Germany,2017-03-30
10090,Eve,Johnson,M,Single,France,2017-03-31
10091,Frank,Brown,M,Single,India,2017-04-01
10092,N/A,Williams,F,Divorced,germany,2017-04-02
10093,David,Jones,M,Single,France,2017-04-03
10094,Eve,Jones,M,Married,France,2017-04-04
10095,Bob,Jones,F,Single,UK,2017-04-05
10096,Charlie,Williams,M,Single,USA,2017-04-06
10097,Charlie,Smith,F,Single,Germany,2017-04-07
10098,Bob,Johnson,F,Married,UK,2017-04-08
10099,Frank,Williams,,Single,India,2017-04-09
10100,Charlie,Smith,F,Married,France,2017-04-10
10101,Charlie,Johnson,F,Divorced,USA,2017-04-11
10102,Frank,Johnson,M,Single,Germany,2017-04-12
10103,Eve,Jones,M,Single,Germany,2017-04-13
10104,Bob,Williams,F,Married,France,2017-04-14
10105,David,Jones,M,Single,USA,2017-04-15
10106,David,Johnson,M,Married,USA,2017-04-16
10107,David,Jones,F,Married,UK,2017-04-17
10108,Eve,Williams,F,Married,Canada,2017-04-18
10109,Charlie,Brown,M,Married,Germany,2017-04-19
10110,Charlie,Williams,F,Married,France,2017-04-20
10111,Alice,Williams,M,Divorced,,2017-04-21
10112,Bob,Smith,F,Single,N/A,2017-04-22
10113,Frank,Jones,M,Single,Germany,2017-04-23
10114,Charlie,Brown,F,Single,France,2017-04-24
10115,Frank,Jones,F,Married,USA,2017-04-25
10116,Alice,Johnson,M,Married,Germany,2017-04-26
10117,Bob,Johnson,M,Married,USA,2017-04-27
10118,Frank,Jones,M,Single,UK,2017-04-28
10119,David,Brown,,Single,Canada,2017-04-29
10120,Frank,Williams,F,Divorced,USA,2017-04-30
10121,David,Jones,M,Single,Germany,2017-05-01
10122,,Smith,M,Married,usa,2017-05-02
10123,Alice,Brown,M,Single,India,2017-05-03
10124,Bob,Brown,F,Married,UK,2017-05-04
10125,Charlie,Jones,F,Single,India,2017-05-05
10126,Charlie,Williams,M,Divorced,UK,2017-05-06
10127,David,Johnson,F,unknown,India,2017-05-07
10128,David,Jones,M,Single,Canada,2017-05-08
10129,Alice,Williams,M,Single,USA,2017-05-09
10130,Eve,Jones,M,Single,Germany,2017-05-10
10131,Eve,Smith,M,Single,Germany,2017-05-11
10132,Frank,Williams,M,Married,Canada,2017-05-12
10133,Bob,Williams,,Single,N/A,2017-05-13
10134,David,Williams,,Single,USA,2017-05-14
10135,Alice,Smith,F,Married,Germany,2017-05-15
10136,Alice,Brown,M,Married,Canada,2017-05-16
10137,Charlie,Johnson,M,Married,Germany,2017-05-17
10138,Charlie,Jones,M,Single,Canada,2017-05-18
10139,Alice,Brown,M,Married,Germany,2017-05-19
10140,Alice,Johnson,M,Married,UK,2017-05-20
10141,Charlie,Jones,F,Married,France,2017-05-21
10142,David,Brown,F,Single,UK,2017-05-22
10143,Bob,Brown,F,Divorced,N/A,2017-05-23
10144,Frank,Johnson,M,Single,Germany,2017-05-24
10145,Charlie,Jones,F,Married,USA,2017-05-25
10146,Eve,Williams,M,Married,France,2017-05-26
10147,David,Johnson,M,Married,Germany,2017-05-27
10148,Frank,Williams,M,Single,USA,2017-05-28
10149,David,Johnson,F,Single,Canada,2017-05-29
10150,  ,Johnson,M,Divorced,France,2017-05-30
10151,Frank,Brown,M,Single,USA,2017-05-31
10152,Charlie,Jones,F,Married,India,2017-06-01
10153,Frank,Jones,M,Single,Germany,2017-06-02
10154,Eve,Williams,F,Married,,2017-06-03
10155,Frank,Smith,M,Married,France,2017-06-04
10156,Frank,Smith,F,Married,Germany,2017-06-05
10157,Frank,Williams,F,Married,France,2017-06-06
10158,Bob,Brown,F,Married,USA,2017-06-07
10159,David,Smith,M,Divorced,France,2017-06-08
10160,David,Brown,M,Single,India,2017-06-09
10161,Eve,Jones,M,Married,Canada,2017-06-10
10162,Eve,Brown,M,Married,India,2017-06-11
10163,Alice,Williams,F,Married,France,2017-06-12
10164,Alice,Johnson,F,Married,Germany,2017-06-13
10165,Bob,Williams,M,Single,India,2017-06-14
10166,Charlie,Jones,M,Married,Germany,2017-06-15
10167,Eve,Brown,F,Divorced,UK,2017-06-16
10168,Bob,Brown,Other,Married,Canada,2017-06-17
10169,Alice,Williams,,Single,Germany,2017-06-18
10170,Bob,Brown,M,Married,,2017-06-19
10171,David,Smith,F,Single,France,2017-06-20
10172,David,Jones,F,Married,Canada,2017-06-21
10173,Bob,Brown,M,Single,canada,2017-06-22
10174,David,Brown,M,Married,UK,2017-06-23
10175,Charlie,Smith,M,Married,India,2017-06-24
10176,Charlie,Johnson,M,Married,uk,2017-06-25
10177,Charlie,Brown,F,Married,USA,2017-06-26
10178,David,Brown,M,Married,France,2017-06-27
10179,Alice123,Williams,M,Married,India,2017-06-28
10180,Eve,Jones,M,Married,USA,2017-06-29
10181,Alice,Brown,F,Divorced,USA,2017-06-30
10182,Alice,Smith,F,Married,France,2017-07-01
10183,Charlie,Smith,M,Single,India,2017-07-02
10184,Eve,Williams,M,Married,UK,2017-07-03
10185,David,Johnson,M,Single,France,2017-07-04
10186,Bob,Smith,F,Married,UK,2017-07-05
10187,Bob,Johnson,F,Divorced,Canada,2017-07-06
10188,David,Smith,F,Divorced,USA,2017-07-07
10189,Alice,Smith,M,Single,France,2017-07-08
10190,Bob,Jones,F,Single,India,2017-07-09
10191,Eve,Johnson,M,Single,India,2017-07-10
10192,Eve,Brown,F,Married,India,2017-07-11
10193,Charlie,Williams,M,unknown,usa,2017-07-12
10194,Charlie,Smith,F,Single,N/A,2017-07-13
10195,Charlie,Johnson,,Married,UK,2017-07-14
10196,Bob,Smith,M,Single,USA,2017-07-15
10197,Frank,Brown,Other,Married,USA,2017-07-16
10198,Charlie,Johnson,F,Single,USA,2017-07-17
10199,N/A,Williams,F,Married,Canada,2017-07-18
10200,David,Johnson,M,Single,UK,2017-07-19
10201,Frank,Jones,F,Married,France,2017-07-20
10202,David,Williams,M,Single,Canada,2017-07-21
10203,Eve,Brown,M,Single,Germany,2017-07-22
10204,Bob,Williams,,Single,USA,2017-07-23
10205,Bob,Jones,F,Married,Germany,2017-07-24
10206,Bob,Johnson,F,Single,France,2017-07-25
10207,Bob,Jones,M,Single,USA,2017-07-26
10208,Frank,Johnson,M,Married,USA,2017-07-27
10209,Alice,Brown,F,Married,USA,2017-07-28
10210,Frank,Johnson,F,Single,India,2017-07-29
10211,Alice,Jones,M,Married,India,2017-07-30
10212,David,Smith,F,Married,USA,2017-07-31
10213,Charlie,Williams,M,Divorced,USA,2017-08-01
10214,Bob,Jones,,Married,Canada,2017-08-02
10215,Frank,Johnson,F,Married,UK,2017-08-03
10216,David,Williams,M,Single,India,2017-08-04
10217,David,Jones,F,Single,India,2017-08-05
10218,Charlie,Brown,F,Married,usa,2017-08-06
10219,David,Smith,F,Married,India,2017-08-07
10220,Frank,Smith,M,Married,USA,2017-08-08
10221,Bob,Jones,M,Single,Germany,2017-08-09
10222,Alice,Johnson,M,Married,Germany,2017-08-10
10223,Eve,Johnson,M,unknown,France,2017-08-11
10224,N/A,Jones,F,Single,Canada,2017-08-12
10225,David,Williams,M,Divorced,USA,2017-08-13
10226,Frank,Brown,F,Married,USA,2017-08-14
10227,Bob,Johnson,M,Married,UK,2017-08-15
10228,BOB,Williams,F,Single,USA,2017-08-16
10229,David,Johnson,F,Single,UK,2017-08-17
10230,Bob,Johnson,Other,Single,Germany,2017-08-18
10231,,Jones,M,Single,Germany,2017-08-19
10232,Bob,Smith,M,Married,France,2017-08-20
10233,Eve,Williams,M,Single,Canada,2017-08-21
10234,Frank,Smith,Other,Single,India,2017-08-22
10235,David,Jones,M,Single,India,2017-08-23
10236,Eve,Williams,M,unknown,,2017-08-24
10237,David,Jones,M,Married,Canada,2017-08-25
10238,Bob,Smith,F,Married,UK,2017-08-26
10239,David,Brown,M,Single,india,2017-08-27
10240,Eve,Williams,Other,Single,India,2017-08-28
10241,Charlie,Williams,F,Married,India,2017-08-29
10242,Bob,Williams,F,Divorced,USA,2017-08-30
10243,Frank,Smith,F,Single,Canada,2017-08-31
10244,David,Johnson,F,Married,USA,2017-09-01
10245,David,Johnson,M,Married,usa,2017-09-02
10246,Eve,Jones,M,Single,UK,2017-09-03
10247,Charlie,Williams,F,Married,USA,2017-09-04
10248,Frank,Johnson,F,Single,france,2017-09-05
10249,Eve,Brown,F,Single,Germany,2017-09-06
10250,Eve,Jones,M,Married,Canada,2017-09-07
10251,Eve,Johnson,F,Married,usa,2017-09-08
10252,David,Smith,M,Married,Canada,2017-09-09
10253,Bob,Johnson,F,Married,India,2017-09-10
10254,Bob,Johnson,F,Single,Canada,2017-09-11
10255,Frank,Brown,F,Married,USA,2017-09-12
10256,Charlie,Johnson,M,Single,Germany,2017-09-13
10257,David,Johnson,M,Divorced,France,2017-09-14
10258,Frank,Johnson,F,Single,Canada,2017-09-15
10259,David,Smith,F,Married,France,2017-09-16
10260,Alice,Smith,F,Married,UK,2017-09-17
10261,Charlie,Jones,F,Single,Canada,2017-09-18
10262,Alice,Johnson,F,Single,France,2017-09-19
10263,Eve,Brown,F,Married,France,2017-09-20
10264,Alice,Jones,F,Single,Canada,2017-09-21
10265,Bob,Jones,M,Divorced,UK,2017-09-22
10266,Alice,Brown,M,unknown,India,2017-09-23
10267,Bob,Jones,M,Single,Germany,2017-09-24
10268,Charlie,Johnson,F,Single,France,2017-09-25
10269,Charlie,Smith,F,Single,USA,2017-09-26
10270,Alice,Williams,F,Single,USA,2017-09-27
10271,Eve,Smith,F,Single,France,2017-09-28
10272,Charlie,Williams,M,Married,France,2017-09-29
10273,Alice,Brown,M,Married,USA,2017-09-30
10274,Eve,Johnson,M,Married,Canada,2017-10-01
10275,Frank,Williams,M,Married,Canada,2017-10-02
10276,Alice,Smith,F,Single,Germany,2017-10-03
10277,Charlie,Williams,,Married,UK,2017-10-04
10278,Alice,Brown,F,Divorced,France,2017-10-05
10279,Eve,Brown,M,Single,France,2017-10-06
10280,Frank,Smith,M,Divorced,UK,2017-10-07
10281,Alice,Smith,F,Married,N/A,2017-10-08
10282,Charlie,Johnson,F,Married,Germany,2017-10-09
10283,Eve,Williams,M,Married,USA,2017-10-10
10284,frank,Johnson,M,Married,USA,2017-10-11
10285,Eve,Jones,M,Single,India,2017-10-12
10286,Bob,Williams,F,Single,Germany,2017-10-13
10287,frank,Williams,M,Single,Canada,2017-10-14
10288,David,Brown,M,Married,France,2017-10-15
10289,Alice,Johnson,F,Single,USA,2017-10-16
10290,David,Jones,M,Married,India,2017-10-17
10291,DAVID,Johnson,F,Married,India,2017-10-18
10292,Bob,Williams,M,Married,india,2017-10-19
10293,Alice,Smith,F,Single,Canada,2017-10-20
10294,N/A,Johnson,M,Single,Germany,2017-10-21
10295,Charlie,Williams,M,Married,canada,2017-10-22
10296,alice,Brown,Other,Single,Canada,2017-10-23
10297,Charlie,Johnson,M,Married,N/A,2017-10-24
10298,bob,Johnson,F,Single,India,2017-10-25
10299,DAVID,Brown,F,Single,USA,2017-10-26
10300,Eve,Johnson,F,Single,UK,2017-10-27
10301,Eve,Williams,Other,Divorced,USA,2017-10-28
10302,Charlie,Brown,M,Married,Germany,2017-10-29
10303,Charlie,Smith,F,Married,Germany,2017-10-30
10304,ALICE,Williams,F,Married,Germany,2017-10-31
10305,Alice,Jones,M,Married,,2017-11-01
10306,Bob,Brown,F,Married,Germany,2017-11-02
10307,Bob,Williams,M,Married,France,2017-11-03
10308,David,Jones,F,Married,Canada,2017-11-04
10309,Frank,Jones,Other,Divorced,Germany,2017-11-05
10310,Eve,Brown,F,unknown,Canada,2017-11-06
10311,Eve,Johnson,M,Married,usa,2017-11-07
10312,David,Johnson,F,Single,Canada,2017-11-08
10313,Frank,Brown,M,Single,USA,2017-11-09
10314,Bob,Smith,F,Married,India,2017-11-10
10315,Charlie,Smith,F,Divorced,India,2017-11-11
10316,Frank,Williams,F,Divorced,Germany,2017-11-12
10317,David,Williams,,Single,N/A,2017-11-13
10318,Eve,Jones,F,Single,UK,2017-11-14
10319,David,Williams,M,Married,USA,2017-11-15
10320,Bob,Williams,M,Single,France,2017-11-16
10321,Bob,Brown,M,Married,USA,2017-11-17
10322,David,Williams,F,Married,Canada,2017-11-18
10323,Charlie,Jones,M,Married,Germany,2017-11-19
10324,Frank,Williams,M,Single,India,2017-11-20
10325,David,Smith,F,Single,France,2017-11-21
10326,Eve,Johnson,M,Single,India,2017-11-22
10327,David,Jones,F,Divorced,France,2017-11-23
10328,Charlie,Williams,,Divorced,France,2017-11-24
10329,N/A,Brown,F,Single,Canada,2017-11-25
10330,Frank,Williams,M,Married,N/A,2017-11-26
10331,Frank123,Smith,M,Married,USA,2017-11-27
10332,Eve,Johnson,F,Married,Germany,2017-11-28
10333,David,Williams,M,Single,Canada,2017-11-29
10334,David,Williams,M,Divorced,France,2017-11-30
10335,Alice,Johnson,F,Single,Canada,2017-12-01
10336,Eve,Jones,F,Married,Canada,2017-12-02
10337,Bob,Brown,M,Married,Germany,2017-12-03
10338,Eve,Johnson,F,Single,USA,2017-12-04
10339,Bob,Smith,Other,Married,,2017-12-05
10340,Eve,Williams,M,Married,France,2017-12-06
10341,Alice,Smith,M,Married,Canada,2017-12-07
10342,Eve,Brown,F,Married,Canada,2017-12-08
10343,Alice,Smith,M,Married,,2017-12-09
10344,Frank,Jones,M,Single,USA,2017-12-10
10345,David,Jones,F,Married,India,2017-12-11
10346,david,Smith,,Single,Germany,2017-12-12
10347,Alice,Brown,F,Single,India,2017-12-13
10348,David,Jones,M,Married,USA,2017-12-14
10349,Alice,Jones,F,Single,France,2017-12-15
10350,Frank,Williams,M,Married,Germany,2017-12-16
10351,Bob,Smith,F,Married,USA,2017-12-17
10352,David,Williams,M,Married,Canada,2017-12-18
10353,Alice,Johnson,F,Single,France,2017-12-19
10354,Bob,Johnson,M,Divorced,India,2017-12-20
10355,David,Jones,F,Divorced,France,2017-12-21
10356,Eve,Jones,M,Married,India,2017-12-22
10357,Bob,Williams,F,Married,India,2017-12-23
10358,Frank,Smith,M,Single,usa,2017-12-24
10359,Charlie,Jones,F,Single,USA,2017-12-25
10360,Eve123,Jones,F,Single,UK,2017-12-26
10361,Alice,Brown,F,Single,Canada,2017-12-27
10362,David,Jones,F,Married,UK,2017-12-28
10363,Frank,Jones,F,Single,France,2017-12-29
10364,Frank,Johnson,F,Married,Germany,2017-12-30
10365,Alice,Smith,M,Married,India,2017-12-31
10366,Charlie,Brown,M,Divorced,Canada,2018-01-01
10367,Frank,Smith,M,Single,Germany,2018-01-02
10368,Frank,Brown,M,Single,Canada,2018-01-03
10369,Frank,Williams,M,Married,Canada,2018-01-04
10370,David123,Johnson,F,Married,UK,2018-01-05
10371,Bob,Jones,M,Married,Germany,2018-01-06
10372,FRANK,Jones,M,Divorced,usa,2018-01-07
10373,Charlie,Brown,F,Single,France,2018-01-08
10374,Frank,Williams,M,Single,USA,2018-01-09
10375,Alice,Williams,M,Married,France,2018-01-10
10376,Charlie,Brown,M,Married,India,2018-01-11
10377,Charlie,Johnson,F,Married,France,2018-01-12
10378,Charlie,Johnson,M,Single,France,2018-01-13
10379,,Brown,F,Divorced,India,2018-01-14
10380,Alice,Johnson,F,Single,USA,2018-01-15
10381,David,Williams,M,Married,USA,2018-01-16
10382,David,Williams,M,Married,USA,2018-01-17
10383,Frank,Johnson,M,Married,uk,2018-01-18
10384,Bob,Jones,M,Single,USA,2018-01-19
10385,David,Jones,M,Married,India,2018-01-20
10386,Eve,Brown,F,Single,UK,2018-01-21
10387,Bob,Williams,F,Single,India,2018-01-22
10388,Eve,Brown,F,unknown,India,2018-01-23
10389,Alice,Brown,M,Single,India,2018-01-24
10390,Frank,Jones,Other,Married,Germany,2018-01-25
10391,David,Johnson,M,Married,USA,2018-01-26
10392,Charlie,Johnson,M,Single,France,2018-01-27
10393,Charlie,Smith,F,Married,france,2018-01-28
10394,Bob,Williams,M,Married,France,2018-01-29
10395,Alice,Smith,F,Single,France,2018-01-30
10396,Charlie123,Jones,M,Single,India,2018-01-31
10397,Frank,Smith,F,Single,UK,2018-02-01
10398,Bob,Johnson,F,Divorced,N/A,2018-02-02
10399,Alice,Brown,F,Married,UK,2018-02-03
10400,Eve,Johnson,M,Single,UK,2018-02-04
10401,Charlie,Brown,M,Single,France,2018-02-05
10402,Alice,Brown,,unknown,UK,2018-02-06
10403,David,Johnson,F,Single,UK,2018-02-07
10404,David,Brown,M,unknown,France,2018-02-08
10405,Frank,Jones,F,Single,USA,2018-02-09
10406,David,Smith,F,Married,UK,2018-02-10
10407,David,Jones,M,Married,UK,2018-02-11
10408,David,Jones,F,Divorced,USA,2018-02-12
10409,Eve,Smith,M,Married,India,2018-02-13
10410,,Johnson,M,unknown,France,2018-02-14
10411,Alice,Williams,M,Married,UK,2018-02-15
10412,Charlie,Jones,M,Married,Canada,2018-02-16
10413,David,Jones,M,Single,Germany,2018-02-17
10414,Charlie,Williams,M,Single,Canada,2018-02-18
10415,Alice,Brown,F,Married,,2018-02-19
10416,Eve,Brown,F,Married,USA,2018-02-20
10417,Charlie,Williams,M,Married,USA,2018-02-21
10418,Frank,Smith,F,Married,India,2018-02-22
10419,Bob,Williams,M,Married,Germany,2018-02-23
10420,Bob,Jones,F,Single,UK,2018-02-24
10421,Eve,Smith,M,Divorced,Germany,2018-02-25
10422,Eve,Smith,F,Married,,2018-02-26
10423,Charlie,Smith,F,Married,Germany,2018-02-27
10424,Bob,Johnson,M,Divorced,USA,2018-02-28
10425,David,Jones,F,Divorced,Canada,2018-03-01
10426,Eve,Smith,F,Married,Canada,2018-03-02
10427,Charlie,Jones,M,Single,USA,2018-03-03
10428,Eve,Williams,M,Married,UK,2018-03-04
10429,Bob,Smith,F,Single,France,2018-03-05
10430,Eve,Smith,M,Married,UK,2018-03-06
10431,N/A,Jones,F,Married,USA,2018-03-07
10432,David,Smith,M,Single,France,2018-03-08
10433,Alice,Brown,F,Divorced,France,2018-03-09
10434,Alice,Brown,F,Single,USA,2018-03-10
10435,Bob,Williams,M,Single,Canada,2018-03-11
10436,Frank,Brown,F,Single,India,2018-03-12
10437,Alice,Smith,,Divorced,france,2018-03-13
10438,Frank,Johnson,F,Divorced,India,2018-03-14
10439,Bob,Johnson,M,Single,USA,2018-03-15
10440,Charlie,Brown,M,Married,UK,2018-03-16
10441,Bob,Johnson,M,Single,Canada,2018-03-17
10442,Eve,Smith,M,Single,France,2018-03-18
10443,Eve,Brown,F,Divorced,Germany,2018-03-19
10444,Eve,Smith,M,Married,France,2018-03-20
10445,Frank,Jones,F,Married,Canada,2018-03-21
10446,Alice,Jones,,Single,France,2018-03-22
10447,Frank,Brown,M,Married,USA,2018-03-23
10448,Frank,Brown,F,Single,India,2018-03-24
10449,,Smith,M,Single,Canada,2018-03-25
10450,Alice,Jones,M,Married,USA,2018-03-26
10451,Frank,Johnson,M,Married,USA,2018-03-27
10452,Charlie,Jones,M,Single,,2018-03-28
10453,Eve,Jones,F,Single,India,2018-03-29
10454,David,Williams,F,Single,USA,2018-03-30
10455,Eve,Williams,F,Married,UK,2018-03-31
10456,Eve,Williams,F,Divorced,UK,2018-04-01
10457,David,Williams,F,Single,USA,2018-04-02
10458,Frank,Jones,M,Married,Canada,2018-04-03
10459,David,Brown,M,Married,UK,2018-04-04
10460,Bob,Smith,F,Married,UK,2018-04-05
10461,Bob,Jones,M,Married,France,2018-04-06
10462,EVE,Williams,F,Married,USA,2018-04-07
10463,Charlie,Brown,M,Single,Germany,2018-04-08
10464,Bob,Williams,F,Single,India,2018-04-09
10465,Frank,Brown,F,Married,France,2018-04-10
10466,David,Williams,F,Married,France,2018-04-11
10467,Eve,Brown,F,Married,India,2018-04-12
10468,,Jones,M,unknown,France,2018-04-13
10469,Alice,Brown,M,Married,France,2018-04-14
10470,David,Brown,M,Married,India,2018-04-15
10471,Bob,Johnson,F,Single,Canada,2018-04-16
10472,Bob,Williams,F,Single,USA,2018-04-17
10473,David,Williams,F,Married,India,2018-04-18
10474,Bob,Brown,M,Married,Germany,2018-04-19
10475,Bob,Johnson,F,Married,France,2018-04-20
10476,Bob,Williams,F,Married,France,2018-04-21
10477,Charlie,Brown,M,Divorced,India,2018-04-22
10478,Alice,Jones,Other,Married,India,2018-04-23
10479,Alice,Brown,F,Married,India,2018-04-24
10480,David,Johnson,F,Single,India,2018-04-25
10481,Charlie,Johnson,,Married,France,2018-04-26
10482,Eve,Jones,M,Single,France,2018-04-27
10483,David,Smith,F,unknown,USA,2018-04-28
10484,Eve,Jones,F,Divorced,India,2018-04-29
10485,Alice,Jones,M,Married,Germany,2018-04-30
10486,Alice,Brown,F,Single,India,2018-05-01
10487,Charlie,Johnson,F,Married,India,2018-05-02
10488,Alice,Smith,F,Single,Germany,2018-05-03
10489,Charlie,Smith,M,Married,India,2018-05-04
10490,Eve,Brown,M,Single,USA,2018-05-05
10491,,Smith,,Single,UK,2018-05-06
10492,Bob,Johnson,M,Married,Germany,2018-05-07
10493,Charlie,Jones,F,Single,Germany,2018-05-08
10494,Eve,Brown,F,Single,USA,2018-05-09
10495,Frank,Jones,M,Married,France,2018-05-10
10496,Frank,Johnson,F,Married,India,2018-05-11
10497,Bob,Jones,F,Divorced,France,2018-05-12
10498,Eve,Brown,F,Single,Canada,2018-05-13
10499,Charlie,Jones,F,Married,India,2018-05-14
10500,Frank,Jones,M,Single,India,2018-05-15
10501,Charlie,Smith,M,Married,Canada,2018-05-16
10502,David,Smith,M,Married,uk,2018-05-17
10503,Frank,Williams,F,Married,Canada,2018-05-18
10504,David,Smith,M,Single,India,2018-05-19
10505,Alice,Johnson,M,Single,Germany,2018-05-20
10506,Alice,Smith,M,Divorced,Germany,2018-05-21
10507,frank,Jones,F,Single,France,2018-05-22
10508,Frank,Johnson,M,Married,UK,2018-05-23
10509,Eve,Williams,M,Married,India,2018-05-24
10510,Alice,Jones,M,Married,France,2018-05-25
10511,EVE,Jones,M,unknown,USA,2018-05-26
10512,Eve,Williams,F,Married,India,2018-05-27
10513,Frank123,Brown,M,Single,,2018-05-28
10514,Frank,Williams,F,Divorced,France,2018-05-29
10515,Bob,Johnson,M,Single,,2018-05-30
10516,Bob,Williams,F,Single,India,2018-05-31
10517,Alice,Johnson,M,Single,UK,2018-06-01
10518,Frank,Brown,F,Married,USA,2018-06-02
10519,N/A,Brown,F,Married,UK,2018-06-03
10520,  ,Brown,M,Married,France,2018-06-04
10521,David,Smith,M,Single,UK,2018-06-05
10522,Eve,Brown,Other,Single,Canada,2018-06-06
10523,Bob,Jones,M,Single,India,2018-06-07
10524,eve,Smith,M,Single,Germany,2018-06-08
10525,Charlie,Brown,M,Single,Germany,2018-06-09
10526,David,Smith,M,Married,,2018-06-10
10527,Bob,Jones,F,Single,UK,2018-06-11
10528,Charlie,Brown,M,Married,UK,2018-06-12
10529,Eve,Smith,M,Married,uk,2018-06-13
10530,Bob,Williams,M,Single,India,2018-06-14
10531,Frank,Smith,M,Married,USA,2018-06-15
10532,David,Williams,M,Divorced,USA,2018-06-16
10533,Bob,Johnson,F,Single,France,2018-06-17
10534,Charlie,Johnson,M,Single,UK,2018-06-18
10535,Bob,Williams,F,Married,India,2018-06-19
10536,Charlie,Williams,F,Single,USA,2018-06-20
10537,Eve,Smith,,Single,India,2018-06-21
10538,Frank,Brown,Other,Married,UK,2018-06-22
10539,Eve,Williams,F,Single,France,2018-06-23
10540,David,Jones,M,Married,Germany,2018-06-24
10541,Bob,Johnson,M,Single,UK,2018-06-25
10542,David,Williams,M,Single,Canada,2018-06-26
10543,David,Jones,,Divorced,Germany,2018-06-27
10544,charlie,Jones,F,Married,Germany,2018-06-28
10545,Charlie,Brown,M,Married,Germany,2018-06-29
10546,David,Smith,F,Married,Germany,2018-06-30
10547,Frank,Johnson,F,Single,Canada,2018-07-01
10548,Alice,Smith,,Married,Germany,2018-07-02
10549,Bob,Williams,F,Married,Canada,2018-07-03
10550,Alice,Jones,M,Single,USA,2018-07-04
10551,Eve123,Williams,F,Married,India,2018-07-05
10552,Frank,Williams,F,unknown,UK,2018-07-06
10553,Frank,Williams,M,Married,France,2018-07-07
10554,David,Williams,F,Married,Germany,2018-07-08
10555,Alice,Williams,M,Married,France,2018-07-09
10556,Bob,Williams,M,Single,France,2018-07-10
10557,David,Smith,M,Married,UK,2018-07-11
10558,Eve,Johnson,M,Married,Germany,2018-07-12
10559,Eve,Williams,F,Single,Germany,2018-07-13
10560,Charlie,Williams,M,Married,Canada,2018-07-14
10561,Charlie,Jones,F,Divorced,Germany,2018-07-15
10562,Eve,Smith,M,Single,Canada,2018-07-16
10563,,Williams,M,unknown,France,2018-07-17
10564,Bob,Jones,F,Single,USA,2018-07-18
10565,Eve,Jones,M,Married,Canada,2018-07-19
10566,alice,Williams,F,unknown,Germany,2018-07-20
10567,Charlie,Williams,F,Single,Canada,2018-07-21
10568,Frank,Johnson,F,Single,Germany,2018-07-22
10569,Charlie,Jones,F,Single,usa,2018-07-23
10570,Eve,Jones,M,Divorced,USA,2018-07-24
10571,Charlie,Brown,M,Married,Canada,2018-07-25
10572,Charlie,Brown,M,unknown,USA,2018-07-26
10573,Alice,Johnson,M,Married,USA,2018-07-27
10574,Frank,Brown,F,Single,India,2018-07-28
10575,Charlie,Smith,M,Single,Canada,2018-07-29
10576,Eve,Brown,,Single,,2018-07-30
10577,Eve,Brown,M,Single,Canada,2018-07-31
10578,Eve,Jones,F,Single,USA,2018-08-01
10579,Alice,Johnson,F,Single,UK,2018-08-02
10580,Eve,Brown,M,Married,Germany,2018-08-03
10581,David,Smith,M,Single,Canada,2018-08-04
10582,Eve,Smith,M,Divorced,UK,2018-08-05
10583,Alice,Johnson,M,Single,France,2018-08-06
10584,David,Williams,M,Single,India,2018-08-07
10585,Frank,Johnson,M,Married,UK,2018-08-08
10586,,Johnson,F,Married,UK,2018-08-09
10587,David,Brown,M,Married,India,2018-08-10
10588,Eve,Smith,M,Divorced,Germany,2018-08-11
10589,Charlie,Williams,F,Single,N/A,2018-08-12
10590,Bob,Brown,Other,Married,USA,2018-08-13
10591,Frank,Smith,F,Married,Canada,2018-08-14
10592,Alice,Johnson,,Single,India,2018-08-15
10593,  ,Jones,F,Single,France,2018-08-16
10594,David,Johnson,F,Single,UK,2018-08-17
10595,Frank,Jones,M,Single,Canada,2018-08-18
10596,Charlie,Smith,F,Single,Germany,2018-08-19
10597,Charlie,Brown,M,Single,Germany,2018-08-20
10598,Bob,Jones,F,unknown,UK,2018-08-21
10599,Alice,Williams,F,Married,USA,2018-08-22
10600,DAVID,Jones,F,Married,France,2018-08-23
10601,Alice,Jones,M,Married,Canada,2018-08-24
10602,Eve,Jones,F,Married,Canada,2018-08-25
10603,Eve,Jones,F,Married,UK,2018-08-26
10604,Eve,Smith,M,Married,Canada,2018-08-27
10605,Frank,Smith,M,Married,India,2018-08-28
10606,Frank,Johnson,,Married,Germany,2018-08-29
10607,Charlie,Brown,M,Single,UK,2018-08-30
10608,David,Brown,M,Married,India,2018-08-31
10609,David,Smith,,Married,France,2018-09-01
10610,David,Brown,F,Married,USA,2018-09-02
10611,Alice,Williams,M,Single,Germany,2018-09-03
10612,Bob,Williams,M,Single,UK,2018-09-04
10613,David,Johnson,F,Married,UK,2018-09-05
10614,N/A,Smith,F,Married,usa,2018-09-06
10615,David,Johnson,F,Married,India,2018-09-07
10616,Charlie,Brown,F,Married,Canada,2018-09-08
10617,Frank,Brown,F,Married,India,2018-09-09
10618,Frank,Brown,M,Married,Canada,2018-09-10
10619,Eve,Smith,M,Married,UK,2018-09-11
10620,Bob,Jones,M,Single,Germany,2018-09-12
10621,Frank,Smith,M,Married,usa,2018-09-13
10622,Bob,Johnson,F,Single,France,2018-09-14
10623,Charlie,Jones,F,Married,Germany,2018-09-15
10624,Charlie,Williams,M,Married,France,2018-09-16
10625,,Johnson,M,Single,France,2018-09-17
10626,Frank,Jones,M,Single,UK,2018-09-18
10627,Alice,Williams,M,Single,USA,2018-09-19
10628,Alice,Brown,F,Single,Germany,2018-09-20
10629,Alice,Williams,F,Single,Germany,2018-09-21
10630,Charlie,Brown,,Married,UK,2018-09-22
10631,Bob,Johnson,M,Married,India,2018-09-23
10632,Eve,Jones,F,Single,UK,2018-09-24
10633,Alice,Jones,F,Single,France,2018-09-25
10634,Charlie,Johnson,F,Divorced,Canada,2018-09-26
10635,David,Jones,F,Married,France,2018-09-27
10636,Eve,Williams,M,Single,India,2018-09-28
10637,Alice,Brown,F,Single,France,2018-09-29
10638,Bob,Smith,M,Married,Canada,2018-09-30
10639,Bob,Johnson,M,Single,USA,2018-10-01
10640,Eve,Johnson,F,Married,Germany,2018-10-02
10641,alice,Smith,M,Single,UK,2018-10-03
10642,Frank,Jones,M,Married,USA,2018-10-04
10643,David,Brown,F,Married,Canada,2018-10-05
10644,Bob,Jones,M,Single,USA,2018-10-06
10645,Frank,Williams,F,Single,USA,2018-10-07
10646,Bob,Brown,,Married,UK,2018-10-08
10647,Eve,Williams,F,Married,India,2018-10-09
10648,Alice,Jones,F,Single,UK,2018-10-10
10649,David,Johnson,F,Married,USA,2018-10-11
10650,Charlie,Jones,F,Divorced,,2018-10-12
10651,Eve,Williams,F,Married,USA,2018-10-13
10652,David,Williams,F,Married,UK,2018-10-14
10653,Frank,Jones,M,Single,USA,2018-10-15
10654,David,Johnson,M,Single,India,2018-10-16
10655,Alice,Williams,F,Divorced,Germany,2018-10-17
10656,David,Williams,F,Married,Canada,2018-10-18
10657,Eve,Jones,F,Single,Canada,2018-10-19
10658,Bob,Brown,F,Married,USA,2018-10-20
10659,Charlie,Williams,F,Single,USA,2018-10-21
10660,Bob,Brown,M,Divorced,India,2018-10-22
10661,Alice,Johnson,F,Single,USA,2018-10-23
10662,Frank,Brown,F,Married,India,2018-10-24
10663,Frank,Jones,M,Married,India,2018-10-25
10664,frank,Jones,F,Married,USA,2018-10-26
10665,Charlie,Smith,F,Married,Canada,2018-10-27
10666,Frank,Williams,M,Single,USA,2018-10-28
10667,Eve123,Smith,F,Single,USA,2018-10-29
10668,Frank,Brown,M,Single,India,2018-10-30
10669,Charlie,Williams,F,Single,India,2018-10-31
10670,Eve,Johnson,M,Divorced,,2018-11-01
10671,David,Jones,M,Single,Canada,2018-11-02
10672,Charlie,Brown,F,Married,,2018-11-03
10673,Alice,Williams,M,Divorced,USA,2018-11-04
10674,Eve,Brown,M,unknown,N/A,2018-11-05
10675,Bob,Smith,M,Married,India,2018-11-06
10676,Eve,Williams,F,Married,Canada,2018-11-07
10677,,Johnson,M,Married,India,2018-11-08
10678,Eve,Johnson,Other,Divorced,Canada,2018-11-09
10679,David,Jones,F,Single,UK,2018-11-10
10680,Eve,Williams,M,Married,USA,2018-11-11
10681,Charlie,Johnson,M,Single,Germany,2018-11-12
10682,Eve,Smith,M,Married,UK,2018-11-13
10683,Frank,Jones,M,Single,USA,2018-11-14
10684,Eve,Jones,M,Divorced,India,2018-11-15
10685,Alice,Williams,F,Single,USA,2018-11-16
10686,Alice,Williams,F,Married,India,2018-11-17
10687,David,Johnson,F,Single,usa,2018-11-18
10688,Eve,Brown,F,Single,France,2018-11-19
10689,Frank,Smith,M,Married,USA,2018-11-20
10690,David,Johnson,M,Single,Canada,2018-11-21
10691,Eve,Brown,M,Married,N/A,2018-11-22
10692,Alice,Jones,F,Married,Canada,2018-11-23
10693,Eve,Smith,M,Single,USA,2018-11-24
10694,Alice,Williams,M,Married,France,2018-11-25
10695,Charlie,Williams,,Married,,2018-11-26
10696,Eve,Jones,M,Single,UK,2018-11-27
10697,Frank,Johnson,M,Married,Germany,2018-11-28
10698,David,Jones,M,Married,Germany,2018-11-29
10699,David,Johnson,M,Single,France,2018-11-30
10700,Bob,Johnson,F,Single,UK,2018-12-01
10701,Eve123,Williams,,Single,USA,2018-12-02
10702,Bob,Johnson,M,Single,Canada,2018-12-03
10703,Eve,Williams,,Married,USA,2018-12-04
10704,Bob,Williams,M,Single,Canada,2018-12-05
10705,David,Jones,F,Married,Canada,2018-12-06
10706,Eve,Jones,F,Single,UK,2018-12-07
10707,Charlie,Johnson,M,Married,USA,2018-12-08
10708,Frank,Johnson,F,Single,India,2018-12-09
10709,Charlie,Brown,Other,Married,France,2018-12-10
10710,Frank,Williams,M,Divorced,Germany,2018-12-11
10711,Eve,Johnson,M,Married,Canada,2018-12-12
10712,Alice,Brown,F,Single,N/A,2018-12-13
10713,Bob,Johnson,F,Single,UK,2018-12-14
10714,Alice,Jones,M,Married,Germany,2018-12-15
10715,Bob,Brown,F,Married,USA,2018-12-16
10716,Charlie,Jones,M,Single,India,2018-12-17
10717,Bob,Jones,M,Single,Canada,2018-12-18
10718,Charlie,Williams,F,Married,USA,2018-12-19
10719,Frank,Williams,F,Married,Canada,2018-12-20
10720,Frank,Johnson,M,Married,India,2018-12-21
10721,Frank,Williams,,Married,N/A,2018-12-22
10722,Frank,Smith,,Single,Canada,2018-12-23
10723,Charlie,Smith,,Single,USA,2018-12-24
10724,Charlie,Brown,F,Married,,2018-12-25
10725,,Jones,F,Married,France,2018-12-26
10726,David,Jones,M,Married,UK,2018-12-27
10727,Eve,Brown,F,Married,France,2018-12-28
10728,David,Williams,Other,Single,USA,2018-12-29
10729,Bob,Johnson,M,Single,Canada,2018-12-30
10730,David,Jones,M,Divorced,USA,2018-12-31
10731,,Williams,M,Single,Germany,2019-01-01
10732,Bob,Johnson,F,Married,UK,2019-01-02
10733,N/A,Smith,M,unknown,UK,2019-01-03
10734,frank,Williams,F,Single,USA,2019-01-04
10735,Bob123,Johnson,F,Single,Germany,2019-01-05
10736,Bob,Williams,F,Married,USA,2019-01-06
10737,Charlie,Jones,F,Married,India,2019-01-07
10738,david,Jones,M,Single,UK,2019-01-08
10739,Eve,Williams,M,Single,India,2019-01-09
10740,Bob,Brown,F,Married,France,2019-01-10
10741,Charlie,Johnson,F,Married,France,2019-01-11
10742,David,Brown,F,Married,UK,2019-01-12
10743,Frank,Johnson,M,Married,Canada,2019-01-13
10744,Frank123,Brown,F,unknown,USA,2019-01-14
10745,Eve,Johnson,M,Divorced,UK,2019-01-15
10746,Charlie,Jones,F,Single,USA,2019-01-16
10747,Frank,Smith,M,Married,Canada,2019-01-17
10748,David,Smith,F,Married,UK,2019-01-18
10749,Frank123,Jones,M,Single,USA,2019-01-19
10750,Alice,Brown,F,Married,UK,2019-01-20
10751,Eve,Jones,F,Single,UK,2019-01-21
10752,Bob,Brown,M,Married,usa,2019-01-22
10753,Alice,Smith,M,Single,Canada,2019-01-23
10754,Eve,Brown,F,Married,Canada,2019-01-24
10755,Charlie,Smith,,Single,Germany,2019-01-25
10756,Eve,Brown,M,Single,Germany,2019-01-26
10757,Eve,Jones,F,Married,India,2019-01-27
10758,,Brown,M,Single,Germany,2019-01-28
10759,Charlie,Brown,F,Single,UK,2019-01-29
10760,BOB,Jones,M,Married,,2019-01-30
10761,  ,Johnson,F,Married,France,2019-01-31
10762,David,Jones,,Divorced,USA,2019-02-01
10763,Alice,Brown,F,Divorced,USA,2019-02-02
10764,david,Smith,M,Single,USA,2019-02-03
10765,Charlie,Jones,M,Single,France,2019-02-04
10766,David,Jones,F,Married,Germany,2019-02-05
10767,Bob,Johnson,F,Single,France,2019-02-06
10768,Bob,Brown,,Married,UK,2019-02-07
10769,Charlie,Johnson,M,Divorced,France,2019-02-08
10770,Alice,Johnson,F,Single,France,2019-02-09
10771,Charlie,Smith,F,Single,USA,2019-02-10
10772,David,Brown,F,Married,India,2019-02-11
10773,Charlie,Brown,M,Married,India,2019-02-12
10774,Charlie,Jones,M,Married,Canada,2019-02-13
10775,eve,Johnson,F,Married,UK,2019-02-14
10776,Frank,Smith,M,Married,N/A,2019-02-15
10777,Alice,Jones,F,Single,USA,2019-02-16
10778,Alice,Smith,M,Married,Canada,2019-02-17
10779,Charlie,Jones,F,Single,Canada,2019-02-18
10780,Bob,Brown,Other,Married,UK,2019-02-19
10781,Eve,Jones,F,Single,France,2019-02-20
10782,Frank,Williams,F,Single,France,2019-02-21
10783,David,Williams,F,Single,UK,2019-02-22
10784,David,Jones,F,Divorced,USA,2019-02-23
10785,Frank,Brown,F,Single,UK,2019-02-24
10786,Eve,Johnson,F,Married,N/A,2019-02-25
10787,Eve,Johnson,F,Married,N/A,2019-02-26
10788,Eve,Jones,M,Married,France,2019-02-27
10789,David,Smith,M,Married,USA,2019-02-28
10790,Bob,Brown,M,Single,Germany,2019-03-01
10791,Bob,Williams,M,Single,India,2019-03-02
10792,ALICE,Williams,F,Married,USA,2019-03-03
10793,Frank,Williams,F,Married,UK,2019-03-04
10794,Alice,Brown,F,Married,USA,2019-03-05
10795,Charlie,Smith,F,Single,France,2019-03-06
10796,Alice,Brown,F,Single,N/A,2019-03-07
10797,Charlie,Jones,M,Married,Canada,2019-03-08
10798,Bob,Jones,M,Divorced,Germany,2019-03-09
10799,Frank,Jones,F,unknown,UK,2019-03-10
10800,Frank,Smith,M,Married,usa,2019-03-11
10801,Alice123,Brown,M,Married,Germany,2019-03-12
10802,Frank,Williams,F,Married,India,2019-03-13
10803,Charlie,Williams,M,Single,France,2019-03-14
10804,David,Johnson,M,Single,Canada,2019-03-15
10805,Eve,Brown,F,Married,Canada,2019-03-16
10806,Charlie,Brown,,Single,France,2019-03-17
10807,Eve,Johnson,F,Single,UK,2019-03-18
10808,Frank,Brown,F,Single,USA,2019-03-19
10809,David123,Johnson,M,Married,USA,2019-03-20
10810,Bob,Smith,M,Single,N/A,2019-03-21
10811,Frank,Johnson,M,Single,Canada,2019-03-22
10812,Alice,Williams,F,Divorced,Canada,2019-03-23
10813,David,Smith,F,Divorced,USA,2019-03-24
10814,,Jones,M,Married,UK,2019-03-25
10815,Bob,Smith,F,Divorced,France,2019-03-26
10816,Eve,Jones,F,Single,USA,2019-03-27
10817,Eve,Smith,F,Single,USA,2019-03-28
10818,Frank,Johnson,F,Single,USA,2019-03-29
10819,Frank,Smith,F,Married,Canada,2019-03-30
10820,Alice,Brown,M,Married,Canada,2019-03-31
10821,Charlie,Jones,M,Married,Canada,2019-04-01
10822,Bob,Johnson,M,Married,USA,2019-04-02
10823,Frank,Johnson,,Single,UK,2019-04-03
10824,Bob,Williams,F,Married,India,2019-04-04
10825,Frank,Brown,M,Married,USA,2019-04-05
10826,Bob,Jones,Other,Married,Germany,2019-04-06
10827,Eve,Brown,F,Single,Germany,2019-04-07
10828,Eve,Johnson,M,Married,USA,2019-04-08
10829,Eve,Williams,F,Married,India,2019-04-09
10830,Bob,Jones,F,unknown,USA,2019-04-10
10831,Eve,Johnson,F,Married,Canada,2019-04-11
10832,David,Johnson,M,Married,Canada,2019-04-12
10833,Eve,Brown,,Single,UK,2019-04-13
10834,David,Williams,F,Single,France,2019-04-14
10835,Eve,Johnson,M,Single,France,2019-04-15
10836,David,Smith,F,Married,France,2019-04-16
10837,Alice,Smith,F,Married,N/A,2019-04-17
10838,frank,Brown,F,Divorced,France,2019-04-18
10839,Alice,Jones,Other,Married,UK,2019-04-19
10840,Bob,Johnson,F,Single,France,2019-04-20
10841,Frank,Smith,F,Married,USA,2019-04-21
10842,  ,Johnson,M,Single,France,2019-04-22
10843,Alice,Johnson,M,Married,UK,2019-04-23
10844,Alice,Brown,,Divorced,UK,2019-04-24
10845,David,Williams,,Married,,2019-04-25
10846,Charlie,Jones,M,Single,UK,2019-04-26
10847,Charlie,Brown,M,Married,Canada,2019-04-27
10848,David,Brown,M,Divorced,India,2019-04-28
10849,David,Brown,F,Single,USA,2019-04-29
10850,David,Smith,F,unknown,UK,2019-04-30
10851,Eve,Jones,,Married,canada,2019-05-01
10852,Bob,Williams,M,Married,USA,2019-05-02
10853,Bob,Jones,F,Single,france,2019-05-03
10854,Frank123,Brown,Other,Married,germany,2019-05-04
10855,David,Smith,Other,Single,Canada,2019-05-05
10856,Eve,Brown,M,Married,Germany,2019-05-06
10857,David,Jones,M,Single,India,2019-05-07
10858,Alice,Brown,F,Single,Germany,2019-05-08
10859,Alice,Brown,,Married,USA,2019-05-09
10860,Charlie,Johnson,F,unknown,Germany,2019-05-10
10861,Alice,Williams,M,Married,USA,2019-05-11
10862,Alice,Jones,F,Single,N/A,2019-05-12
10863,Eve,Brown,F,Married,UK,2019-05-13
10864,Charlie,Brown,F,Married,UK,2019-05-14
10865,Frank,Johnson,F,Single,France,2019-05-15
10866,Eve,Brown,F,Divorced,France,2019-05-16
10867,  ,Johnson,F,Single,india,2019-05-17
10868,David,Smith,F,Married,UK,2019-05-18
10869,Frank,Jones,M,Married,Germany,2019-05-19
10870,David,Williams,Other,Married,USA,2019-05-20
10871,Charlie,Jones,M,Divorced,France,2019-05-21
10872,Bob,Brown,M,Married,France,2019-05-22
10873,Frank,Johnson,F,Married,Canada,2019-05-23
10874,Alice,Johnson,M,Married,Germany,2019-05-24
10875,David,Jones,F,Single,India,2019-05-25
10876,David,Johnson,M,Single,Germany,2019-05-26
10877,Frank,Williams,M,Single,USA,2019-05-27
10878,Eve,Brown,,Single,Germany,2019-05-28
10879,Eve,Johnson,M,Married,usa,2019-05-29
10880,Bob,Williams,F,Single,France,2019-05-30
10881,Bob,Williams,F,Divorced,N/A,2019-05-31
10882,Bob,Jones,F,Single,UK,2019-06-01
10883,Alice,Williams,M,Married,Germany,2019-06-02
10884,alice,Williams,,Married,France,2019-06-03
10885,David,Johnson,F,Married,Germany,2019-06-04
10886,Frank,Williams,M,Married,USA,2019-06-05
10887,Charlie,Johnson,M,Divorced,UK,2019-06-06
10888,Frank,Johnson,F,Divorced,Germany,2019-06-07
10889,Charlie,Smith,M,Married,usa,2019-06-08
10890,,Williams,F,Single,USA,2019-06-09
10891,David,Williams,F,Divorced,UK,2019-06-10
10892,Frank,Johnson,F,Married,UK,2019-06-11
10893,Eve,Brown,F,Married,UK,2019-06-12
10894,Eve,Smith,M,Married,USA,2019-06-13
10895,Charlie,Williams,M,Divorced,France,2019-06-14
10896,David,Brown,M,Married,India,2019-06-15
10897,Frank,Brown,F,Single,UK,2019-06-16
10898,David,Williams,F,Married,UK,2019-06-17
10899,Charlie,Smith,M,Married,Canada,2019-06-18
10900,Frank,Brown,M,Single,India,2019-06-19
10901,Frank,Smith,M,Single,France,2019-06-20
10902,Charlie,Jones,F,Married,UK,2019-06-21
10903,Alice,Williams,F,Single,India,2019-06-22
10904,david,Johnson,Other,Married,UK,2019-06-23
10905,Bob,Johnson,M,Married,usa,2019-06-24
10906,David,Smith,F,Single,USA,2019-06-25
10907,Charlie,Brown,M,Married,France,2019-06-26
10908,Frank,Smith,M,Married,Canada,2019-06-27
10909,Charlie,Johnson,F,Divorced,UK,2019-06-28
10910,Eve,Smith,M,Married,UK,2019-06-29
10911,Bob,Johnson,F,Single,Canada,2019-06-30
10912,David,Jones,F,Married,USA,2019-07-01
10913,Frank,Williams,F,Single,Canada,2019-07-02
10914,Bob,Williams,F,Single,UK,2019-07-03
10915,Frank,Johnson,M,Single,France,2019-07-04
10916,Eve,Johnson,M,Married,UK,2019-07-05
10917,Frank,Brown,F,Married,India,2019-07-06
10918,Bob,Brown,F,Single,usa,2019-07-07
10919,Charlie,Johnson,F,Married,,2019-07-08
10920,Bob,Johnson,M,Single,USA,2019-07-09
10921,Bob,Johnson,M,Single,Germany,2019-07-10
10922,Bob,Johnson,F,Divorced,UK,2019-07-11
10923,david,Brown,F,Married,Germany,2019-07-12
10924,Charlie,Brown,F,Married,UK,2019-07-13
10925,Eve,Smith,F,Single,Canada,2019-07-14
10926,Frank,Brown,M,Single,Germany,2019-07-15
10927,Alice,Brown,F,Married,UK,2019-07-16
10928,Bob,Jones,M,Single,UK,2019-07-17
10929,David,Brown,Other,Single,India,2019-07-18
10930,Alice,Brown,M,Married,Canada,2019-07-19
10931,Frank,Brown,M,Married,Germany,2019-07-20
10932,Frank,Jones,M,Single,France,2019-07-21
10933,Charlie,Johnson,F,unknown,Canada,2019-07-22
10934,David,Johnson,,Single,India,2019-07-23
10935,Bob,Williams,M,Single,USA,2019-07-24
10936,Charlie,Jones,M,Single,Canada,2019-07-25
10937,Bob,Williams,,Single,India,2019-07-26
10938,Bob,Johnson,M,Single,France,2019-07-27
10939,Bob123,Brown,F,Married,Germany,2019-07-28
10940,Charlie,Johnson,F,Single,Canada,2019-07-29
10941,Charlie,Williams,F,Married,France,2019-07-30
10942,Bob,Brown,F,Married,UK,2019-07-31
10943,Charlie,Jones,F,Married,France,2019-08-01
10944,Bob,Brown,,Single,UK,2019-08-02
10945,Bob,Brown,F,Married,India,2019-08-03
10946,Charlie,Johnson,M,Married,USA,2019-08-04
10947,Bob,Jones,Other,Single,USA,2019-08-05
10948,Bob,Brown,M,Married,UK,2019-08-06
10949,Alice,Williams,M,Single,Germany,2019-08-07
10950,David,Brown,F,unknown,Germany,2019-08-08
10951,Bob,Williams,M,Single,UK,2019-08-09
10952,Alice,Brown,M,Single,USA,2019-08-10
10953,David,Smith,F,Married,India,2019-08-11
10954,Bob,Johnson,M,Divorced,Canada,2019-08-12
10955,David,Williams,F,Single,India,2019-08-13
10956,Eve,Johnson,,Single,India,2019-08-14
10957,Bob,Smith,M,Married,France,2019-08-15
10958,Eve,Brown,M,Married,India,2019-08-16
10959,Charlie,Brown,M,Single,USA,2019-08-17
10960,David,Brown,M,Single,France,2019-08-18
10961,Bob,Smith,M,Single,UK,2019-08-19
10962,Eve,Smith,F,Married,Germany,2019-08-20
10963,Eve,Johnson,F,Married,Canada,2019-08-21
10964,Bob,Williams,M,Married,UK,2019-08-22
10965,Eve,Williams,M,Single,France,2019-08-23
10966,Charlie,Johnson,F,Divorced,UK,2019-08-24
10967,,Smith,M,Married,UK,2019-08-25
10968,N/A,Williams,F,Single,India,2019-08-26
10969,Eve,Brown,M,Married,India,2019-08-27
10970,Alice,Johnson,F,Married,Germany,2019-08-28
10971,David,Smith,M,Single,India,2019-08-29
10972,Eve,Brown,,Divorced,USA,2019-08-30
10973,Charlie,Jones,F,Married,Canada,2019-08-31
10974,David,Brown,M,Single,Canada,2019-09-01
10975,Charlie,Jones,M,Divorced,USA,2019-09-02
10976,Frank,Johnson,F,Married,India,2019-09-03
10977,Eve,Brown,F,Married,UK,2019-09-04
10978,Eve,Williams,F,Married,France,2019-09-05
10979,Charlie,Johnson,M,Married,UK,2019-09-06
10980,Bob,Williams,M,Married,Canada,2019-09-07
10981,David,Jones,M,Married,India,2019-09-08
10982,Alice,Jones,M,Married,India,2019-09-09
10983,David,Smith,F,Single,France,2019-09-10
10984,Bob,Williams,F,Married,India,2019-09-11
10985,Charlie,Johnson,F,Single,UK,2019-09-12
10986,Frank,Williams,F,Married,Germany,2019-09-13
10987,Charlie,Johnson,F,Married,India,2019-09-14
10988,Bob,Jones,M,Married,France,2019-09-15
10989,Charlie,Smith,F,Married,USA,2019-09-16
10990,Eve,Johnson,,Single,UK,2019-09-17
10991,David,Jones,F,Married,Canada,2019-09-18
10992,N/A,Brown,M,Married,USA,2019-09-19
10993,Bob,Brown,M,Single,Canada,2019-09-20
10994,,Brown,Other,Married,N/A,2019-09-21
10995,Frank,Smith,Other,Married,USA,2019-09-22
10996,Eve,Brown,F,Divorced,India,2019-09-23
10997,Bob,Smith,F,Married,France,2019-09-24
10998,,Johnson,Other,Married,UK,2019-09-25
10999,N/A,Johnson,F,Single,France,2019-09-26
11000,Frank,Johnson,F,Single,France,2019-09-27
